{
  "topK": 10,
  "num_samples": 1314,
  "num_classes": 10,
  "majority_acc": 0.2899543378995434,
  "acc_mean": 0.36259541984732824,
  "acc_std": 0.025432566792301815,
  "macro_f1_mean": 0.2728324214509203,
  "macro_f1_std": 0.033347182683275474
}