{
  "num_samples": 1723,
  "num_classes": 61,
  "major_class": 0,
  "majority_acc": 0.2211259431224608,
  "holdout_ratio": 0.2,
  "seeds": [
    0,
    1,
    2,
    3,
    4
  ],
  "accs": [
    0.2877906976744186,
    0.27906976744186046,
    0.29651162790697677,
    0.29069767441860467,
    0.29651162790697677
  ],
  "macro_f1s": [
    0.1172939654978034,
    0.0705304604712768,
    0.09343803531634606,
    0.10431672161370663,
    0.09363178890307507
  ],
  "acc_mean": 0.29011627906976745,
  "acc_std": 0.006474144607941898,
  "macro_f1_mean": 0.09584219436044158,
  "macro_f1_std": 0.015384055658812708,
  "feature_dim_D": 512,
  "T": 64,
  "resnet_arch": "resnet18",
  "use_motion_1d": false
}